Recency,Frequency,Monetary,true_future_spend_3m,pred_future_spend_3m
141,1,1079.4,0.0,0.8636500274458037
66,6,6709.05,891.0000000000002,1926.5244371782362
231,8,1096.53,428.4400000000001,17.18236434888843
632,1,447.53,0.0,-0.15159794223553227
346,1,391.95,0.0,38.97015440176561
642,1,163.77,0.0,1.81403605777609
12,23,7715.7,1310.4100000000003,2076.4084235570194
15,3,1520.96,0.0,29.96518652352988
595,1,1807.98,125.22000000000004,-0.7141569404456831
450,1,254.55,0.0,1.0940947957630565
647,1,221.53,0.0,0.594638808756085
479,1,245.48,0.0,3.8705936659318736
56,8,2960.78,307.1499999999999,366.84489516238204
332,3,3723.55,0.0,7.784571491342376
313,1,136.01,0.0,11.256761456496305
47,6,1433.4,139.80000000000007,85.73754259995464
275,7,1550.65,163.20000000000005,20.625858838084884
34,4,2411.82,398.81000000000006,19.54188424752644
196,4,511.25,0.0,8.850879394652628
528,1,389.49,96.60000000000002,1.3685396347154346
54,6,1410.73,0.0,141.084324677879
51,3,1695.97,0.0,17.809985446510648
87,17,6666.52,1541.49,429.0629047863678
54,1,355.57,1515.9299999999996,13.882320371856476
315,1,62.7,0.0,-0.05094192511794821
3,170,28268.6,2592.4600000000005,5666.598376428298
326,2,202.83,0.0,8.329660477825259
535,1,291.5,0.0,0.23638959187497957
36,3,1009.6,0.0,6.59957023387158
572,1,107.62,0.0,0.1884810807240237
177,6,2615.94,358.90000000000003,21.02147017157092
493,4,1131.45,0.0,1.8155577241540475
184,6,3581.03,739.28,59.195132373771045
373,2,592.24,0.0,0.8457262781835169
22,1,170.54000000000002,95.85000000000002,-0.49187026967606867
16,46,23821.66,5710.789999999997,5597.737329252044
92,7,3762.85,310.2800000000001,491.06096138369617
95,8,3109.74,326.1199999999999,272.1817864174177
264,13,5685.6900000000005,1406.9200000000003,32.920125736311824
292,4,986.22,157.05,8.301178141987144
206,1,826.53,0.0,10.386425769371469
1,11,2651.14,0.0,108.24480218122493
7,13,2033.67,737.0600000000002,481.95205548693565
15,8,6506.58,674.1300000000002,137.93575788683398
285,2,727.85,0.0,22.153462210973583
303,1,275.8,446.94000000000005,1.8816341202872477
52,4,1010.79,0.0,17.52324710115588
24,1,338.95,208.11000000000004,8.911320931789373
10,27,7770.41,988.9099999999997,990.4117789398996
48,2,562.9,0.0,5.786310141266129
141,4,875.01,420.45000000000016,3.871709813972968
275,6,6553.74,0.0,75.7060774246278
456,1,126.03,0.0,0.34965786311437297
303,2,399.3,0.0,0.9183774783268837
183,3,812.5,0.0,12.886584990744694
336,2,785.25,0.0,1.348240961729426
107,11,2190.9700000000003,278.43000000000006,84.28065247907726
245,1,135.9,0.0,1.4371749928731399
537,2,1367.89,0.0,6.430230411040007
305,6,1189.38,0.0,7.874473164711535
45,2,472.78,0.0,49.41310193450229
365,2,382.14,290.65999999999997,11.269210649631331
299,3,960.69,0.0,24.107975990957137
25,10,2235.34,223.2599999999999,94.1336094792978
340,3,742.9000000000001,0.0,5.300874498975346
2,8,2967.45,517.2799999999997,108.68635269746433
189,1,164.4,0.0,2.5903533126073057
22,5,1362.21,535.38,127.57720570855875
558,3,611.6,0.0,1.9894043671169195
25,6,1534.08,152.82000000000005,104.6815684386372
178,1,439.03,0.0,0.8072097643039176
313,4,1157.3,0.0,5.028086819693269
52,4,515.74,113.42000000000004,1.1082710623665921
7,17,6675.34,1135.7600000000002,764.7543047435639
155,3,455.36,373.5500000000001,3.5517138353712054
137,2,898.96,0.0,2.0332629614795295
8,19,5817.71,524.1800000000001,1280.0209290684604
338,5,1155.0300000000002,0.0,-0.15790951734400058
191,2,257.1,0.0,4.597567118706791
8,36,7741.08,1315.7299999999996,488.24249000271067
326,7,2146.38,0.0,0.44868595282282014
185,7,3747.84,0.0,46.05304189375056
15,13,3900.7,499.48000000000013,1686.4016510331533
335,2,717.85,0.0,4.134143708613699
124,3,776.46,0.0,29.689672318460886
3,4,1455.56,0.0,42.28012450818607
0,11,7321.1,756.6700000000001,909.7441281428127
28,23,9245.09,1612.8800000000003,685.0582799758362
115,1,389.01,0.0,26.29730394814575
585,1,310.14,0.0,-0.09101591384502575
79,3,4016.66,1042.6600000000003,23.983793470399927
39,5,2339.66,0.0,11.472411731322136
289,6,1177.72,0.0,4.949910000708123
337,1,40.56,0.0,0.3582868318494756
85,1,113.06,31.85,0.47274827648770235
79,5,671.01,0.0,5.715527662921581
642,2,207.85,0.0,1.6193928361432843
480,1,229.75,0.0,2.361970065287911
97,7,1223.47,0.0,34.99501189875474
267,3,1037.0400000000002,599.04,1.8314377222879044
47,3,1578.89,0.0,11.920459957505779
240,5,492.88,0.0,1.8468214544945507
13,10,3586.35,0.0,496.3548857844997
282,2,527.03,0.0,1.424554537229319
141,1,180.1,0.0,0.7389774441446111
8,2,56.25,39.60000000000001,2.5876455474951254
132,3,1725.01,0.0,11.189696297230284
291,5,1496.6,0.0,2.609565744893681
9,1,509.01,0.0,32.777316317544894
174,1,211.5,0.0,3.632141001841558
275,5,2355.9,1962.3000000000006,54.48411076245337
23,2,434.05,350.41,31.564251369174208
156,1,206.21,0.0,7.532443337340267
597,1,167.1,0.0,0.6123526611446233
274,8,2382.62,0.0,60.98798731339326
183,3,515.66,86.90000000000003,3.21291351653828
115,2,412.78,0.0,4.669563519309259
348,1,295.73,0.0,14.340933286794451
288,4,1058.0800000000002,2093.3199999999997,2.6865755476222333
419,2,227.06,0.0,0.23264356148491833
438,1,219.35,0.0,-0.006570242413055829
352,1,352.8,0.0,7.059602255422083
486,2,628.09,214.32000000000005,10.035858076886083
3,1,64.0,0.0,6.669889604506988
113,6,1753.04,340.8999999999998,16.934683368213634
382,4,800.67,0.0,-0.5287888652285001
35,1,100.21,77.83999999999997,13.37005085158949
299,2,503.15,0.0,12.264755686059374
326,4,1341.95,211.87999999999997,2.564480284208287
120,7,1759.09,97.49999999999999,101.31965552024033
9,177,101236.52,11977.592000000583,9297.813252011058
23,2,306.16,344.34999999999997,15.48465943695938
352,1,722.5600000000001,0.0,6.58847704765205
142,4,1411.58,568.42,5.691709716637745
0,3,244.68,11977.592000000583,65.00222304666637
115,2,586.0,671.68,70.29058553874312
154,2,150.5,0.0,0.8199437643246847
230,5,1410.18,0.0,16.254586811663803
277,2,382.38,1071.23,9.68153204708333
112,5,672.1700000000001,0.0,19.906260401677468
95,1,103.25,0.0,1.0786300515392098
422,2,990.0,0.0,-0.46981000287503344
347,3,745.5,0.0,25.749975730280568
44,2,790.97,561.7799999999999,13.95702272769766
33,2,382.21,976.6700000000001,121.69811501512966
533,1,175.5,0.0,0.7975592662039133
362,2,890.94,0.0,2.0005009544726495
268,1,80.64,0.0,1.6176418645461776
84,3,985.79,358.9900000000001,17.3024685623178
347,4,3147.36,0.0,26.514246314112228
192,6,1320.33,0.0,33.9240308518212
327,1,280.88,0.0,5.941212997572042
46,8,6017.06,0.0,375.40761366799677
14,2,578.39,136.81999999999994,4.9050389981350495
46,14,6085.29,500.3299999999999,1118.4925997246096
639,1,327.38,0.0,0.8258649805004619
110,2,489.6,0.0,19.395717131533925
282,5,803.88,115.05,1.4481346996483904
120,3,865.02,320.1199999999999,45.04727691010314
170,1,162.65,221.86999999999995,1.1084668971445386
320,1,199.13,236.2999999999999,4.999754151715011
498,1,62.5,0.0,0.8909390423882744
242,13,4905.05,0.0,4.979129491211465
22,15,4836.36,1298.6799999999998,794.6188129469509
418,1,221.83,0.0,-0.2531372015267182
503,2,341.59,0.0,0.0431499363657766
43,10,2688.63,295.6999999999999,185.1167069173698
129,1,775.0,603.4000000000001,11.870201457754186
51,4,2045.85,588.4100000000001,5.199125189919089
8,22,121631.72,11977.592000000583,6036.340756558722
120,4,1066.79,556.8500000000003,31.23395615291067
577,3,329.34,0.0,0.48307732582305424
491,1,156.85000000000002,0.0,2.2834427285915266
386,3,285.41,0.0,1.1117594006812017
316,5,3419.27,0.0,233.5107600703832
16,46,29033.25,4234.99,6243.853219942128
148,7,1024.04,0.0,-0.21179579075540503
645,1,210.39,0.0,0.3995376556096048
509,1,734.91,0.0,1.5660523260882
423,1,95.15,589.44,1.2886741881741277
486,1,135.6,0.0,0.2910418420360553
2,4,795.03,306.9100000000001,19.478175005785662
98,1,319.02,0.0,3.580994584238293
43,3,696.56,2178.1600000000008,42.88009966040661
197,1,389.5,0.0,6.134107259535704
83,3,300.7,0.0,3.9092076812054355
79,7,1540.3,995.6000000000003,48.63966148123788
265,13,3286.09,193.55,15.969875627975568
45,3,1269.84,0.0,51.94206225947629
239,2,437.05,0.0,4.1339774134076555
233,2,373.99,296.0699999999999,1.5851012243477913
105,3,2590.2000000000003,1491.59,27.150360654204743
93,2,363.13,305.29999999999995,7.518705979427697
67,8,1913.27,303.6,2.7544533249052687
471,1,235.78,0.0,0.5661516463655176
18,6,1629.1,957.5699999999999,101.93983851228202
16,7,4499.73,3.3499999999999996,119.72830597989525
50,27,8904.62,1200.3499999999997,415.5555665180621
527,4,1226.57,0.0,12.828930868300473
572,1,272.96000000000004,0.0,0.3242596313405217
176,2,1597.76,0.0,0.4575713440468716
339,1,273.48,297.00000000000006,1.1758264075939446
95,8,7559.04,2117.260000000001,235.03339996079592
17,23,7898.03,2938.100000000001,1236.4026470294298
577,1,988.04,0.0,-0.3157517251564925
648,1,141.0,0.0,0.7762041080730164
1,1,140.5,432.7199999999999,55.20374470548997
171,2,529.4,0.0,14.167730248887185
224,4,724.6800000000001,279.7499999999999,5.797540751366184
85,3,674.45,0.0,59.8587568760698
302,1,205.8,823.9699999999998,6.209877691679961
37,1,511.03,736.5800000000002,3.3436284411216937
89,13,2621.42,0.0,370.00647187725633
48,3,644.3,0.0,43.159182047152235
343,1,834.4399999999999,0.0,0.4342711130576534
148,2,305.68,0.0,5.6753748887011115
2,18,10842.4,1854.3799999999994,1138.7717617181634
176,1,152.55,0.0,0.30409919015034387
37,2,145.07,0.0,23.415561723314763
184,5,3255.96,0.0,9.871285603087014
26,2,961.26,2805.3399999999992,33.96576954909569
1,2,720.9,0.0,33.956763282854965
300,1,255.45,225.35999999999999,1.2766830932481432
25,28,11608.33,2952.3599999999997,923.0889443199144
337,1,352.9,0.0,-0.026176291722198566
304,11,3999.89,0.0,19.71678519953706
227,2,425.56,0.0,3.6454461875596245
162,2,402.59,204.87000000000003,3.1644658211405012
43,7,1265.1,556.8,115.11524348433598
287,1,755.15,0.0,16.55428483783881
2,4,689.83,1218.42,11.60643836951738
292,2,313.05,184.39999999999995,3.4727290866216123
291,3,596.28,428.8899999999999,8.08009346869717
7,1,267.8,115.22999999999998,71.34567027427516
285,4,1232.95,0.0,4.0397281174611805
50,11,4181.08,1001.2200000000003,49.49297967124851
38,7,2266.84,930.9799999999999,12.589109450294542
66,4,504.42,0.0,6.88768201073336
179,1,118.05,418.9400000000001,1.4401874868731586
48,5,3599.2,560.8000000000001,308.80627902127674
190,3,690.98,0.0,13.280537922900647
397,1,152.2,0.0,0.37879787211422805
172,2,819.45,0.0,10.693692439154189
78,4,609.07,667.8400000000004,19.3690492348959
6,9,3328.05,0.0,371.12929393804467
4,12,2571.59,338.64,239.61862240518815
8,4,1639.17,0.0,530.0875232748115
149,2,178.96,0.0,3.2848301816539394
4,42,8148.23,1012.8500000000004,1086.3917418906433
278,1,112.5,0.0,7.325856640974596
31,13,2535.78,521.1099999999999,488.1249806250159
645,1,20.4,0.0,4.4417957783181325
99,8,12208.88,2413.45,156.30529022599725
341,1,558.72,430.4999999999999,1.7961656771068033
62,4,2601.4700000000003,0.0,33.76329084230856
513,1,58.5,103.99999999999997,0.16762680372002547
18,27,54673.42,11977.592000000583,3414.6097493597463
311,1,130.95,0.0,2.359420677169533
575,1,79.9,0.0,-0.016492062884229476
54,8,3241.27,1185.0100000000004,203.30927947459776
9,85,41453.102,10280.36,9297.813252011058
157,1,282.88,345.9000000000001,8.681449065641711
8,3,1019.76,0.0,10.090530463339174
45,12,2096.47,716.5199999999999,23.03191548669993
23,6,3937.28,1443.8000000000002,132.62041444940044
179,5,1509.34,0.0,22.52230012265863
9,20,5897.96,1331.4900000000002,1341.7145796177394
194,1,626.65,0.0,22.484085868339882
61,1,47.55,223.85,4.3798176887161935
447,1,134.36,0.0,-0.22424815396042855
282,4,1313.84,196.80000000000004,2.1030696455717734
48,7,4654.02,0.0,613.3127324090823
106,4,1159.61,0.0,52.62855916214799
92,4,1663.18,440.22999999999996,71.85516435327695
9,25,9188.23,0.0,2221.5444227025273
78,3,1285.51,0.0,13.928250012720024
283,2,730.65,173.80999999999997,3.9094741265602746
22,1,371.56,0.0,13.287659371529008
62,3,364.84,168.12,17.242592622788433
311,2,882.47,0.0,13.086737974524505
212,1,762.11,427.47999999999985,2.6520772226342126
157,3,1122.42,0.0,10.826977306935238
354,1,268.27,0.0,32.08490172703134
422,1,167.62,0.0,0.46358070771848275
535,1,156.6,0.0,0.47303762468313776
295,1,288.49,262.6800000000001,1.7615086251521812
43,11,3463.31,1016.9999999999999,38.93321975041324
319,1,251.04,0.0,2.774716018080005
339,2,490.6,0.0,0.16105139519846826
178,5,2744.17,346.3900000000001,43.7816069251595
95,1,394.14,0.0,33.72458804884143
416,1,42.22,0.0,-0.22546426383949972
93,3,1465.66,641.9999999999998,46.986447849927885
336,1,437.4,0.0,0.43167195644493006
185,2,246.51,437.9000000000001,4.124671568622971
347,1,317.11,0.0,15.562060066374137
520,1,187.35,0.0,0.36920996037869486
86,2,529.52,437.92999999999984,21.371491078676645
575,1,247.5,0.0,0.12950974396459128
436,1,109.73,0.0,2.2576765665460203
107,3,383.58,0.0,13.666943686446654
159,10,2303.17,0.0,111.67927695860239
19,35,14235.0,4522.75,702.0346653828715
74,7,1123.75,172.73999999999995,11.075675761227906
461,2,612.0600000000001,158.03000000000006,2.350040490568766
325,1,231.57,388.27999999999986,3.986151135499682
634,1,45.3,0.0,0.03414896264916768
270,9,2501.99,0.0,43.3343809606382
239,2,673.6,393.92,4.460527113711014
295,2,271.44,0.0,5.16670283744467
42,1,187.18,185.03999999999996,0.027929587135320753
7,4,786.5699999999999,0.0,100.36908751811394
285,3,733.7,0.0,18.032733341880267
333,2,850.34,451.43999999999994,1.4363224174776654
143,11,6740.09,751.8300000000002,341.37027794554797
474,2,218.53,0.0,-0.1677446751475571
634,1,431.98,0.0,-0.20512995558226146
367,1,519.45,0.0,2.4183093753095855
85,9,3723.84,524.9,340.3733761714089
22,8,1487.42,0.0,235.39736752432609
472,2,618.96,0.0,3.6387628167000017
227,5,3365.12,1366.9099999999999,8.33669733696204
434,1,136.0,0.0,8.259388576695041
645,1,228.3,712.5,0.54433684536902
480,3,323.86,164.23000000000002,1.2324176327450775
336,5,1550.63,0.0,1.0877646390327889
372,1,39.95,0.0,0.2358006255843887
170,3,932.02,493.35999999999984,5.592247358557842
89,1,236.26,0.0,8.2834893696952
0,4,1301.63,0.0,31.030802722059896
1,34,10613.6,1640.3599999999997,1359.9946286665238
83,22,3702.72,402.5199999999998,19.886013212298707
8,3,415.51,603.1999999999998,77.95783539802136
644,1,231.90000000000003,0.0,0.54433684536902
49,18,5002.85,580.9599999999998,867.7439075615932
305,1,2253.22,2949.75,404.4418677033599
44,8,4672.36,941.4700000000003,406.1701601016869
211,2,167.25,0.0,0.726968887063125
12,4,417.06,0.0,21.033658951529386
372,2,124.08,0.0,0.16310979917641022
344,1,390.86,0.0,2.612684158295006
593,1,344.75,0.0,-0.18114216976608633
5,2,318.76,0.0,18.71048275608323
25,27,11298.24,1499.41,1119.3827845737076
543,1,402.98,0.0,1.3125652123360658
319,1,205.83,0.0,10.479684077524078
369,2,827.25,0.0,-0.6161975830151183
178,1,283.73,0.0,3.6000968131650692
587,1,579.6,0.0,0.02458252583835739
292,1,330.35,0.0,0.6492282786562973
161,1,37.4,0.0,1.7897698527101675
283,2,628.64,231.97999999999996,9.60189307116219
1,6,1883.88,2893.300000000001,47.82038565263878
148,3,1312.37,0.0,1.456874443126996
183,5,735.87,506.8799999999998,3.679964351987473
36,14,5984.81,0.0,394.1276951342215
283,3,907.38,0.0,0.37717129232096164
45,7,1449.14,471.4500000000001,156.79793467352303
327,2,323.09000000000003,35.400000000000006,2.93721074857737
334,1,161.65,0.0,0.3754334321379012
4,19,4427.17,705.1999999999999,946.5920526035237
106,14,6010.01,1720.5800000000004,2309.2387957062097
448,1,359.35,0.0,0.008526636057725441
198,2,384.59,0.0,2.7001823433629166
144,3,44534.3,0.0,8.916732821440817
73,4,624.75,381.8799999999998,31.832268509566084
541,1,222.96,0.0,0.06736236161153428
277,6,814.07,0.0,3.649122933254885
270,4,336.29,326.26000000000016,1.562475348481323
31,1,248.35,271.26,23.814773621971053
7,3,2022.79,456.3700000000002,137.90848941608743
86,2,393.33,78.45,24.282784270430714
4,3,1901.52,923.1699999999997,28.186153051446254
0,1,111.78,1398.2800000000002,11.62422090302879
146,13,2785.65,2248.499999999999,74.60173002855073
432,2,365.5,0.0,3.6090779146853933
178,1,300.19,309.6599999999999,0.34058163465102154
16,1,335.52,0.0,49.090423970073104
176,2,1308.48,0.0,1.2046035398758392
307,4,1035.43,0.0,12.897120369765304
96,7,1743.94,458.02000000000015,9.384179031866596
50,8,2437.05,0.0,338.55315472874855
90,5,1168.32,103.08999999999996,78.0533332491391
430,2,518.63,0.0,16.41544535800175
88,1,1109.53,0.0,38.67073740536866
4,9,2418.54,310.77999999999986,113.86966097639251
111,6,2452.89,650.3,59.37108919912117
0,20,14283.4,2126.7500000000005,2349.8776752514677
6,7,1187.64,505.34,286.9257291818167
459,1,451.56,0.0,3.48553567808944
323,1,179.4,0.0,0.8614621589050688
419,1,230.44,0.0,0.024994246237993227
404,2,900.1800000000001,363.34000000000003,3.478915570686726
305,1,115.35,0.0,2.4464742967968713
150,5,660.5,168.49999999999994,6.780770738403196
591,1,21.0,0.0,0.42765521349525043
163,5,1422.77,0.0,10.392084704691724
136,2,724.03,470.7000000000001,5.174973538321842
638,1,517.7,0.0,1.5170788911348483
165,2,230.46,110.81999999999995,11.003354902294957
290,1,409.98,0.0,0.8958946086431572
636,1,145.06,656.2500000000002,-0.02847525027362685
325,1,331.14,0.0,2.7065515725001505
28,8,4001.06,145.71999999999994,118.82576098364615
374,2,182.59,0.0,-0.029930300740129787
571,1,231.68,0.0,-0.017572390044934084
499,1,160.75,0.0,0.36263745969164213
58,14,3883.43,1021.0000000000001,509.512217172869
331,3,901.93,161.02999999999997,3.317167160006491
39,6,5462.93,215.23,183.68758057973315
235,2,686.4,0.0,3.201191342115849
334,1,227.97,248.6099999999999,2.147555389330962
16,15,2636.05,219.1200000000001,719.5546679358333
173,2,417.57,0.0,0.8725787030377625
24,1,127.0,133.67999999999998,9.426054454304673
290,2,299.61,0.0,3.2577437839989267
147,1,168.4,0.0,1.4548198383287625
206,1,89.2,0.0,0.5716067684802075
320,3,1893.93,0.0,23.96130816640724
529,1,365.1,0.0,0.3866303738945593
136,1,201.19,0.0,1.6883349390234574
1,6,1304.72,118.79999999999997,78.34436058527841
639,1,308.0,0.0,1.0550858527222973
296,4,356.71,0.0,2.7593052752113527
61,3,511.28,0.0,8.579607967374402
338,1,833.53,0.0,0.3552770188484676
306,2,301.54,0.0,3.3923790616712015
66,12,2202.27,181.25,101.62802724421292
43,13,4452.38,361.9899999999999,460.44908063521007
128,3,249.2,336.8000000000001,3.48226655061566
304,1,102.6,0.0,0.5925633615163868
478,2,372.2,0.0,0.28953507872228346
501,1,140.75,0.0,1.137946253646989
48,4,1270.12,769.9099999999997,61.842279758813326
15,15,5531.09,2242.710000000001,256.46119670687403
11,3,738.38,306.5800000000001,17.49457424657937
371,2,859.2,0.0,-0.2616899888114241
282,2,632.14,0.0,6.5426860458723235
33,1,645.35,529.87,83.28584973165314
40,3,751.37,373.7799999999998,32.131696115877276
320,1,331.35,0.0,1.8094538738296837
296,1,171.81,0.0,-0.06370919679105287
15,1,138.14,0.0,15.027462623165576
107,2,367.87,0.0,1.6945568190757618
80,3,135.08,0.0,1.0905902713613558
178,1,138.28,0.0,1.799476026430077
174,1,138.68,0.0,1.6765875781955741
478,1,109.2,0.0,0.9567140065796416
8,47,9770.18,2469.979999999999,1232.1422399097803
318,1,955.2,0.0,27.884473907888005
31,1,674.7,0.0,21.48808723121629
554,1,367.15,0.0,-0.024577155132258232
6,3,1149.02,0.0,75.25896694583322
282,2,1004.11,0.0,0.17793643051953226
184,1,298.5,90.01999999999997,0.6892911811959277
221,2,518.42,0.0,0.8642928088834627
285,5,977.3,0.0,4.825893184211983
94,8,609.3000000000001,0.0,28.491066054948842
32,9,4190.94,1219.9800000000002,215.98702225428707
243,1,332.41,0.0,0.23832687926507556
24,12,3990.77,449.2,400.6539521847905
9,2,541.51,141.39999999999998,8.685589540354085
299,1,265.25,0.0,4.36500468477586
586,1,281.05,905.0399999999997,0.18051312118979765
150,5,1597.77,0.0,51.70772346483762
402,1,35.7,0.0,0.20658981552486674
144,2,280.55,0.0,6.500482169987566
201,6,1808.97,785.0699999999999,54.0333482252418
507,2,445.0,0.0,0.7074215861337687
528,1,156.87,0.0,1.708045831654014
349,1,335.22,0.0,11.396895206946189
32,1,425.25,364.6400000000001,42.818549106908186
281,3,745.22,378.17999999999984,9.87997192468201
92,1,105.84,0.0,1.137705690785305
135,2,563.63,0.0,10.332780878765831
40,3,1185.65,0.0,40.52407012952619
286,17,4006.17,0.0,0.06378066324076773
70,21,1401.44,418.99999999999994,9.825703016139583
50,7,4248.58,589.6000000000001,1120.8572177047
548,1,162.45,0.0,0.5251860099590258
22,11,2098.48,0.0,63.694377941884255
298,1,254.13,0.0,2.205153676892872
68,1,155.8,0.0,4.57775221414429
40,2,2265.4,915.6399999999999,6.391820854976099
343,2,409.25,0.0,0.6562896455235785
344,1,610.6,316.6800000000001,5.634750872142267
27,9,2991.29,1567.86,235.58847032088218
54,12,2852.65,1539.0099999999993,104.02593551455257
157,4,1239.55,0.0,6.581555378262176
295,1,128.45,0.0,1.4986309676874536
557,2,336.04,0.0,0.90827537834355
480,2,439.1,0.0,1.8497158745221407
64,2,315.06,0.0,86.21382892673093
472,3,434.6,0.0,0.17560131287971692
45,19,10104.29,3998.7999999999993,2752.3061495789966
577,1,48.35,0.0,0.417833937515656
381,2,632.9399999999999,0.0,5.081287480660014
15,11,7624.22,11977.592000000583,293.0318704329627
32,6,1900.08,0.0,4.596638130944244
78,1,440.94,301.24999999999994,8.286680048948584
57,13,6713.5,0.0,1845.250809526058
4,7,1567.82,272.63,8.092040714573898
32,2,1249.89,702.56,124.80165365663775
426,3,818.22,0.0,0.3182725983122848
88,5,852.25,0.0,16.371342342464978
533,8,1702.34,0.0,3.888178631412506
292,1,1237.23,0.0,3.0675581356643375
596,2,147.3,0.0,0.24722540529978446
117,2,696.85,380.60000000000014,86.62151616191628
421,2,175.5,0.0,0.5583357221567438
396,2,778.19,0.0,5.7731803119503935
33,19,6001.76,977.1599999999997,447.2592411524413
400,1,199.45,0.0,0.5951420341880016
302,5,1320.66,335.86000000000007,17.16679987285318
109,7,3959.86,0.0,501.2797326635556
544,1,375.5,0.0,-0.08773950906015453
327,2,437.0,0.0,1.5637751800079012
275,5,2540.53,365.39999999999986,46.69305790429581
301,1,184.66,0.0,0.5838828701787633
452,1,170.4,0.0,1.0808731062194035
533,1,132.8,197.62999999999994,0.28638663301392797
291,1,186.3,168.12,0.4562752906787516
489,1,175.25,0.0,1.3393854902382873
334,1,220.44,255.9000000000001,2.147555389330962
151,5,1985.78,460.6300000000001,115.87573553003358
289,1,256.55,126.12000000000003,1.612683888545547
292,1,349.51,0.0,0.5863912039997379
639,2,1976.0,345.8199999999999,0.7582831037694333
460,1,242.13,0.0,0.8602269921568022
421,3,918.45,0.0,-0.7191422855575345
115,2,251.02,128.99999999999997,11.10296544417985
22,15,5701.7,815.7900000000002,667.0706603887195
68,5,6330.52,1256.6699999999996,205.8726402614375
315,1,107.75,0.0,1.066919131266157
29,8,2527.49,1656.5200000000004,211.79437499621824
332,2,286.6,0.0,3.3876977280227045
5,8,4606.46,0.0,24.268586322876516
292,1,114.52,0.0,0.043337950551202646
34,12,2530.7,879.3300000000002,134.77352313105382
247,10,10104.84,1330.8299999999997,80.46690209239985
303,4,1040.32,700.8600000000001,8.308345880194913
288,6,2265.2,0.0,44.167772640186165
416,3,917.43,0.0,-0.03526796535798746
526,1,235.19,0.0,0.4223642703795915
326,1,335.54,620.3999999999999,2.3550197724176543
78,8,4877.84,0.0,1351.2341920977772
585,1,208.0,0.0,-0.15840396714590285
1,51,11355.93,5076.960000000001,2322.092587225679
108,5,1143.27,0.0,31.54243067093772
395,2,406.4,0.0,0.5178836654842114
283,2,178.68,0.0,-0.48400315526156157
338,1,3084.02,0.0,41.734814107512285
348,1,536.28,1304.0399999999995,8.889309434550034
297,1,765.36,871.5399999999996,17.14778358935593
60,4,3203.87,683.1999999999998,23.276879829414312
152,1,476.49,0.0,3.4848746897052933
115,1,2.9,11977.592000000583,10.15482976954218
44,3,1328.96,1765.9500000000007,32.2041928811292
15,1,498.48,886.3800000000002,35.30390208161701
163,1,307.53,0.0,1.7210615411113195
274,4,947.65,0.0,-0.12623802773706116
52,14,14095.79,2164.2799999999997,503.4742940729798
320,2,310.55,0.0,4.46348569863166
551,1,433.77,0.0,0.4532344509196749
156,1,465.32,0.0,4.686744546086944
304,2,1541.19,352.7000000000001,0.27023944129411337
29,8,1038.92,0.0,59.32460468614416
317,3,743.26,0.0,41.270132558689795
5,34,37418.26,7760.839999999999,3346.2480344345086
33,2,530.55,623.9199999999997,3.080092179010414
208,1,321.05,0.0,0.10695976493953326
29,17,4971.46,794.2500000000001,838.3131756601604
1,21,7577.7,2494.0300000000007,2887.156008138026
302,1,176.5,0.0,0.11992079362948287
223,6,1208.22,0.0,12.510377689516632
1,9,2839.52,376.77999999999986,109.17048847637474
51,22,7972.2,1338.8399999999997,518.6013854551672
297,4,2012.03,3563.8499999999985,7.082136159124586
354,1,349.5,909.9999999999999,12.75625876653808
471,2,330.77,0.0,0.5617266158514058
173,4,1507.63,291.48000000000013,4.555727580149228
29,2,546.16,0.0,2.635454118744996
457,1,161.94,0.0,0.5403061086030312
76,3,550.0,504.66999999999985,13.805828453188298
341,2,249.7,0.0,1.0351318048505416
509,1,228.96,0.0,-0.17203473726573668
272,2,267.15,0.0,27.946983005832532
338,4,474.1,0.0,0.36025258955139555
631,1,294.0,0.0,0.4016508347195916
32,10,8111.57,0.0,691.3961478066052
22,1,311.78,569.03,17.455154953024312
30,6,3419.36,984.4599999999998,90.940517111344
123,7,1192.82,0.0,6.949173798310116
443,1,6.300000000000001,0.0,0.8465265800055282
326,3,871.78,181.08999999999997,2.095335605292595
67,26,11096.78,2454.97,180.10651655541014
113,2,657.35,0.0,275.72529783839195
37,29,3571.3,79.60000000000002,83.23875975730925
8,17,5363.43,1876.4899999999996,201.3830765791314
108,2,819.66,360.22999999999985,2.514283085511627
304,3,739.1,338.7099999999999,18.878000685241034
65,9,3582.9700000000003,300.16,799.5563158249217
347,1,208.63,0.0,2.9357012123180546
71,1,203.86,0.0,8.87798582180191
32,27,13769.02,1191.1,1711.1473430318783
351,6,1182.22,0.0,21.49317781819699
22,13,3901.03,352.23000000000013,1956.6087824858232
521,1,33.0,0.0,1.2182797870165292
491,1,183.09,0.0,1.4480815117644372
285,2,566.9,0.0,9.102735222179035
351,2,276.88,169.79000000000005,22.947155544764378
74,3,510.7,0.0,23.932111706539605
178,2,944.1,0.0,7.961590822410352
247,5,852.21,0.0,6.523076431735552
303,1,51.84,0.0,-0.42454038303923985
88,11,1710.86,218.39999999999992,2.4129845301415584
9,35,7727.38,1923.2199999999998,460.4721948362355
42,18,12725.45,1333.7400000000002,403.79386219409776
283,2,380.97,84.4,0.7521997194812993
2,9,1351.07,253.60999999999993,62.45089057543953
18,4,1383.46,670.8999999999997,21.21074393391018
288,1,451.29,0.0,4.8702762003260345
563,1,154.25,0.0,2.2381726644790123
296,1,170.5,0.0,-0.06370919679105287
75,1,131.45000000000002,0.0,1.0470227042566336
123,2,220.8,0.0,8.224834117308852
334,20,3006.62,0.0,-0.5468699152651042
341,1,438.46,0.0,0.17569759711351624
492,2,660.27,248.07999999999996,2.292175820295039
89,11,3194.32,852.3299999999998,50.180244421951315
61,3,1270.42,1196.9299999999996,11.511833560676246
136,10,2459.62,298.0000000000001,98.60638140863092
16,17,5382.51,2832.1400000000003,107.18523628031994
1,11,7981.91,358.40000000000003,1019.6667384823646
528,1,572.3100000000001,0.0,8.225922422299043
38,1,275.88,0.0,15.80843871306175
23,12,3877.52,0.0,379.0602191021355
124,7,1312.37,0.0,14.422575792672593
95,8,2247.06,0.0,61.51461831474255
288,4,1078.22,0.0,2.9046438860938255
100,3,582.88,0.0,14.986026395250208
641,1,485.31,0.0,0.1669929962117016
376,2,370.05,0.0,0.8093011634602911
8,12,5395.7,1515.74,17.19595629418532
220,3,1127.65,0.0,11.65721926528485
346,6,2100.09,0.0,21.63569156567376
485,6,1575.68,0.0,0.28703886787294164
162,1,364.8,0.0,1.0160960777690384
197,2,548.49,163.54999999999995,3.154662889543629
320,1,373.02,0.0,1.344048160033494
39,1,759.56,862.32,17.57843947028442
522,2,1144.3,0.0,1.2188996870098667
570,1,366.42,0.0,-0.3249377094846554
65,4,331.58,0.0,20.283167024791318
408,1,202.1,0.0,0.31013608981983093
281,10,2453.4,631.8900000000002,16.892648255239454
384,1,321.65000000000003,0.0,0.9382143378561278
326,2,1408.96,0.0,24.35043170300774
114,5,1118.99,0.0,82.46268885169052
506,2,465.53,0.0,4.681983853595955
33,26,9809.07,3373.119999999998,308.92339551334595
52,12,8929.53,1032.4,349.2063171050515
19,4,661.1,461.28000000000014,31.329115540350593
295,2,503.01,0.0,6.669282684477081
278,1,152.64,0.0,8.443981996525523
37,116,119859.38,11977.592000000583,9974.555855899547
199,4,1706.15,1574.4400000000005,21.114002870770666
291,1,113.35,0.0,0.05705455546985119
304,1,236.81,0.0,1.6737754584557725
5,7,1763.44,379.2799999999999,12.818902405033397
106,13,9839.46,0.0,267.8735518211624
449,1,125.65,0.0,-0.10827002486959118
120,4,1441.29,1206.3000000000004,19.85624199052173
166,2,827.01,0.0,11.654406180554725
316,2,101.1,0.0,0.8949819054497419
313,1,516.28,0.0,2.8079111153580563
8,19,4782.12,636.7500000000002,1311.1842043240881
86,3,364.83,0.0,14.875825444642839
16,3,367.8,244.55999999999997,16.708098120157317
185,6,615.17,0.0,18.01386185298909
23,5,1552.46,2033.5699999999997,68.49149081465207
43,1,115.8,0.0,16.82563112797189
92,2,1428.81,2382.409999999999,152.56545648985875
93,7,4078.47,1416.2299999999996,569.9073169073233
332,1,123.66,0.0,0.40266895465611285
105,6,928.72,0.0,3.3409974305696117
55,11,6944.53,2281.7200000000003,828.2355869526518
2,2,128.5,0.0,21.049505796335225
285,1,358.61,0.0,2.3290869871912654
318,1,147.66,0.0,6.890957738265705
508,1,185.8,0.0,-0.27445550064645347
370,2,256.04,0.0,2.7996904574710677
457,3,639.93,0.0,1.9563406874177178
298,6,426.9,0.0,13.053978038235432
357,1,980.25,0.0,74.0324688358911
94,1,298.89,0.0,4.956510526136977
72,8,3803.92,641.67,914.0011674292352
38,2,307.32,0.0,31.175881077284323
78,11,1828.38,159.84999999999997,0.37574635150770164
341,1,105.56,0.0,2.8064786874320724
347,4,2124.46,0.0,31.142821914350733
18,12,8397.41,1529.8099999999995,64.62801628020796
94,1,320.58000000000004,0.0,13.27278910200696
152,1,841.4999999999999,390.0,-0.25781194151792697
50,4,1874.7,225.90000000000006,15.738611455141882
67,5,974.61,0.0,17.259806172587478
6,6,2116.14,1092.3799999999997,424.98972344881577
20,9,2875.93,315.93999999999994,101.83397092090209
18,3,787.06,307.7800000000001,4.51855718632414
23,21,14808.9,717.8000000000002,1554.1534865319265
16,11,3614.34,0.0,288.26739467699764
34,2,618.73,0.0,20.192658645867958
289,3,733.71,395.8000000000002,16.362638067558596
17,31,6222.35,1498.55,676.0642130143448
578,1,134.9,0.0,-0.2576837102496206
327,7,3264.23,0.0,9.126828359367746
38,4,2706.62,283.17000000000013,46.300088332998186
4,15,6433.27,673.4199999999997,790.0785858700798
317,1,175.53,0.0,1.4752010514669736
157,2,208.85,171.06000000000006,10.070342025210147
77,5,4015.12,0.0,177.00501074462554
15,14,4282.08,791.3899999999999,1197.5378961829688
481,1,237.78,0.0,2.573868481733777
414,1,299.02,0.0,0.4913751099255443
110,1,903.01,413.0599999999999,6.0690518067200685
527,3,599.73,607.4500000000002,3.686022771066848
58,7,2323.3,649.5300000000002,83.1374740870513
25,6,2617.55,626.14,75.07110419575909
22,30,11661.22,1428.7199999999996,2476.457612502896
500,1,234.75000000000003,0.0,0.21262916827327402
103,2,865.6,0.0,0.8947732998788049
143,2,2040.1,0.0,3.1143030777384633
277,1,362.24,0.0,4.851841423269651
190,11,9030.66,0.0,297.6246679191131
280,6,1744.29,377.6399999999999,47.70142692634993
557,1,174.05,0.0,0.9859727760181112
235,3,434.23,0.0,3.7712162880013933
149,1,623.5,0.0,16.219953655992693
114,3,561.22,473.9599999999999,69.11527638432106
120,2,3246.45,0.0,1.782694317184593
296,5,924.52,191.32,0.4490090248983255
125,6,1562.31,62.40000000000003,19.500997925922356
12,16,3548.2,1685.4200000000008,533.8024444691872
550,1,357.4,0.0,-0.2694910047289559
128,3,939.48,0.0,2.8570863477777397
583,1,931.43,0.0,-0.7273354032831518
222,2,478.88,0.0,0.3513410974954841
321,1,552.9,0.0,8.93785716268244
598,1,310.26,0.0,-0.0638502551662973
18,9,2623.82,2552.1099999999997,53.5734378012182
309,3,3424.02,0.0,1031.6019966628494
282,2,1098.52,0.0,2.0454134060341023
302,2,689.11,1945.3299999999995,12.042617562127393
128,5,2472.48,0.0,68.61896614365898
144,2,304.25,0.0,3.6781586733091123
319,1,346.9,0.0,2.4157119773485713
120,4,1115.57,261.30000000000007,67.7310872489964
340,2,568.64,0.0,1.1424130677677962
65,5,688.2,0.0,13.698370179126835
471,2,2322.43,0.0,1.1409829569019059
306,1,263.38,0.0,2.9543461730038936
10,6,15890.66,4385.709999999997,1097.0736458044657
357,2,369.98,190.88000000000002,25.20721936155465
213,1,118.95000000000002,0.0,2.99874223407492
89,5,888.09,232.64999999999995,26.854016299374564
269,4,1101.97,0.0,5.281525237981643
643,1,130.32,0.0,-0.05034944589058628
11,12,5120.61,591.47,155.7633632703818
47,1,373.1,659.8999999999999,20.78200149462956
171,1,77.3,0.0,-0.1720525739898205
337,2,623.98,0.0,24.416447345995454
3,22,6168.78,2091.890000000001,2294.815259145174
289,2,682.54,0.0,10.108994592954913
15,12,3895.21,772.3600000000002,501.97711125586994
122,3,642.81,0.0,29.493873895588564
352,2,837.0600000000001,655.7500000000001,2.58919382196264
346,1,33.099999999999994,0.0,0.8299774804074531
322,1,801.66,731.5000000000003,1.019950824789826
67,4,842.42,0.0,6.913243367292265
459,3,10396.5,0.0,1.064776116406236
144,6,1170.02,246.30999999999997,6.871213191767729
66,12,5018.81,726.1000000000003,367.02080263164027
95,4,893.75,392.52000000000004,44.52912572478884
500,2,400.95,0.0,1.475009541339634
491,2,831.45,0.0,0.09598388267713587
143,4,2424.87,0.0,24.094620743084203
80,4,1379.48,904.1499999999999,54.132138575966735
6,23,11552.65,2448.2000000000007,2434.002246965421
94,3,1132.99,0.0,40.74363569156633
78,7,1865.7,114.86000000000001,6.214913271312502
537,2,428.34,0.0,2.076131752281042
95,9,6404.72,2302.25,91.77670810219948
331,1,302.04,0.0,7.2668596032045265
15,1,485.98,260.3799999999999,135.92184333586616
0,30,6692.11,3201.8499999999985,1553.7416998527247
506,3,6116.92,0.0,-0.7220856079060858
122,1,208.56,168.07999999999996,5.943614665680664
302,2,4511.76,0.0,537.3824719515982
185,55,54943.65,0.0,86.57571580811536
74,4,470.83,0.0,25.79553386257021
176,4,1131.04,0.0,17.37274842454322
337,3,1750.4,1393.0600000000002,8.65367585153617
173,1,922.1,0.0,0.8307870634399002
380,4,651.51,0.0,0.9834400637899876
559,1,368.4,0.0,0.05840896365282279
283,9,3106.14,292.3400000000001,28.688711956409094
10,1,292.68,786.9800000000001,85.29559270459563
31,3,1189.02,171.66000000000005,51.12410264857967
297,1,462.08,0.0,7.335738128409435
81,13,8840.6,2281.700000000001,433.5198765565172
263,1,216.76,0.0,2.1708187600698836
327,4,754.33,0.0,7.868271205005724
313,2,357.66,0.0,2.341744619448169
9,1,194.7,471.15999999999985,5.581111575449476
327,3,915.28,0.0,1.0048930670701282
222,3,587.6500000000001,1576.8000000000004,1.3151391727045723
117,1,1028.56,0.0,14.54019704349479
136,4,440.16,93.9,3.142033288779369
25,13,1657.18,100.76999999999998,110.48529246555526
340,1,89.65,0.0,0.5753581350671657
276,14,4587.65,0.0,0.7404512396285563
5,7,2193.71,397.63,9.457588649806386
23,2,1048.45,810.5100000000003,19.281729131445967
117,2,1303.91,0.0,22.027135248873655
19,12,1820.21,355.67000000000013,135.7105381878317
37,5,1432.62,276.36999999999995,30.36059268021873
10,14,4427.39,998.1700000000003,1393.7485281448342
339,1,53.65,0.0,-0.09200705887633084
8,11,4834.54,641.96,123.27572339772198
86,2,786.43,0.0,16.205789679088674
95,2,68.0,68.00000000000001,0.37902609379914254
157,2,578.45,333.62999999999994,10.264796107198654
9,16,2623.41,793.4799999999998,267.6078066154536
37,10,3294.82,556.7000000000002,464.03343621864656
303,4,495.4,151.83000000000004,0.7179368382287554
88,7,1092.7,234.41000000000003,12.031467938693078
86,1,46.95,0.0,0.3015569744481845
266,4,589.27,0.0,2.5716292307800286
18,5,1355.6,330.6799999999999,50.19120975504241
81,6,1085.32,456.76999999999987,17.632946215743374
128,2,610.59,0.0,9.675274189676623
14,1,329.67,3017.640000000001,82.35879759635695
194,3,1272.01,505.4800000000001,5.7701531926947185
47,10,5448.45,3813.0700000000006,354.21497404632413
274,2,1043.32,170.56,1.0601394807003603
63,4,1787.09,425.1900000000001,7.472508830595768
289,8,4709.2300000000005,0.0,12.579012882557315
197,4,4328.89,0.0,50.83357558460836
50,5,2866.42,872.59,173.8217766171134
264,5,1580.54,0.0,9.406861894268404
429,1,133.45,0.0,1.32327696745573
24,5,920.12,178.47999999999996,86.89615909512789
128,4,1529.8,0.0,14.738564937259069
0,4,592.22,354.71999999999997,7.259109710614329
501,3,643.39,335.1300000000001,1.3892914250795774
282,2,541.25,0.0,3.3904419670447563
5,9,2125.83,615.91,99.33646152145575
352,5,927.61,0.0,4.289009460711902
66,1,214.8,0.0,22.83436602128362
290,2,301.25,0.0,3.0958795782827133
418,7,2869.16,0.0,-0.644522193733631
16,2,1612.18,516.2400000000001,64.08029851020686
8,1,115.31,0.0,35.51077662024258
17,11,1733.89,0.0,68.22847792587991
200,5,5606.47,0.0,68.69441871990367
449,2,1061.69,3594.309999999997,-0.0789528884525312
543,7,2282.28,0.0,3.0887829894727696
66,2,473.91,177.90999999999997,34.440347345491794
197,2,242.84,0.0,4.36894151909953
8,4,1202.3000000000002,978.4600000000004,170.82162820150646
5,11,4691.79,0.0,53.336502266679176
292,2,344.61,0.0,1.7704874305882106
327,5,1059.14,270.8000000000001,0.03554039789889459
74,6,1746.64,0.0,4.203167388556165
121,7,14647.04,2578.769999999999,34.08793543027831
513,1,1954.99,0.0,0.007528797881186578
16,3,1314.45,0.0,26.638322683025514
103,1,207.15,0.0,2.641025572986593
339,1,314.67,0.0,0.6398151075910572
509,1,1047.0,0.0,-0.23719179276617205
586,1,129.75,0.0,-0.3265727331224295
227,1,157.02,0.0,0.9961364179609042
519,1,728.5,0.0,5.871785468529591
111,1,145.9,44.35000000000001,13.908784808847491
114,13,5044.5,339.62999999999994,763.2907571711896
292,4,871.14,954.9000000000001,5.47720654134885
4,24,9460.52,1429.12,2011.3315162319386
35,6,1539.67,303.2800000000001,31.587329239880113
310,1,1993.34,0.0,31.147942087267772
3,21,7918.03,968.2999999999996,2339.407055547468
44,3,1277.75,0.0,51.94206225947629
303,3,619.971,1286.0699999999995,17.716598723041486
20,37,25224.0,6595.759999999997,1433.33046373402
187,1,315.6,0.0,0.49863472421326444
308,3,1624.84,0.0,-0.36833872203183227
127,12,3031.63,605.7,36.547117424348514
164,1,56.4,0.0,0.029308627758207154
8,12,2112.98,568.8200000000002,555.0552341331272
9,34,9121.71,561.42,516.9805232313172
165,4,1089.09,281.75000000000006,10.39155896746087
36,17,5966.0,535.5,657.5716107197577
21,2,526.72,801.35,7.489812784287331
43,8,4610.84,0.0,111.05385948313514
19,9,4871.78,743.4,541.2361813575905
39,8,9499.58,1255.2200000000005,1167.3907552469966
187,1,217.2,0.0,4.520839075278684
352,1,2803.2,0.0,27.50484313391916
317,2,321.95,0.0,5.548684349402207
47,12,3914.95,0.0,205.52877695851407
19,2,552.0,0.0,87.36713553937061
383,1,536.41,0.0,0.8075738530794943
429,1,31.85,0.0,1.3070807807324218
584,2,565.9,480.7100000000001,-0.14936437388012097
35,9,4450.25,1144.7099999999998,239.03747347564394
23,19,17335.2,0.0,2523.2191438790724
315,3,362.42,0.0,4.875773888634572
15,13,5860.24,0.0,115.00571386995094
409,3,767.91,0.0,1.009264503114164
295,1,537.46,0.0,4.479371887739498
4,57,9480.99,1155.4800000000002,1235.1350544048105
81,2,717.21,0.0,5.734369701321001
16,14,5733.77,4287.089999999998,162.6434472189681
99,6,1464.76,221.35999999999999,62.903925957210824
208,1,436.18,0.0,0.9683564497694073
329,3,6001.49,0.0,28.743390214645675
326,1,236.11,0.0,3.7584351717192916
277,1,855.48,371.74000000000007,3.8149090170007467
640,1,234.38,0.0,0.21157677710011372
9,30,21281.18,3494.6300000000015,3460.728330482768
2,10,3314.36,280.4,618.3293657606745
19,14,7275.019999999999,499.29999999999995,1212.1134995896657
92,3,409.04,0.0,10.749011427321657
332,2,278.77,161.94000000000005,4.272554563380008
155,4,443.43,552.4199999999998,3.7517440646193725
26,5,1587.96,630.1000000000003,37.75407478326486
304,3,597.16,718.0799999999999,7.760708802439689
104,2,1345.21,0.0,16.438761897264836
414,2,256.85,0.0,-0.03894036453985411
38,16,8782.19,2555.1999999999994,63.95431209661241
5,12,4687.51,2298.7199999999993,119.70322859070203
347,1,717.57,0.0,9.477965948428357
173,1,158.95000000000002,0.0,0.5522491125830646
160,3,778.83,0.0,7.545108266198577
34,10,1369.65,424.07,325.1354162452904
278,4,1236.7,302.3399999999999,3.4536150936571914
19,5,1781.77,133.91000000000003,141.0848010596144
516,2,24.05,6.900000000000002,1.311654762444475
550,1,291.76,0.0,0.3201613135339619
305,2,1216.66,0.0,3.7441299544689386
70,5,2625.57,739.02,63.37806357778199
323,2,460.08,0.0,5.109475655820921
450,1,236.2,0.0,0.8525622865002545
127,5,8942.18,3727.6999999999975,114.47448651112335
332,2,773.6700000000001,0.0,10.48000094019878
310,2,465.84,194.88000000000005,7.006005719580962
292,4,1211.75,0.0,3.7787950805155317
105,2,353.66,0.0,1.1437929900219848
45,31,13706.38,2497.949999999999,2190.727384333484
123,2,1451.56,869.5500000000002,13.356491518939242
101,3,664.0,0.0,11.528167123259264
8,27,11052.26,2326.1,3105.036113008553
395,1,385.03,391.98,1.5490583877775252
29,2,645.47,328.95000000000005,73.81838134182773
551,2,469.13,0.0,1.7126583338750838
7,2,411.55,119.8,64.17644359043672
298,3,891.02,0.0,28.08805034563898
171,4,1783.19,1285.6500000000008,16.678052669996223
142,1,307.46,0.0,4.6677166385123945
31,2,769.7,643.9600000000002,49.14577045854567
212,1,84.3,0.0,0.4267907694828978
166,4,1121.5,0.0,27.50879012758406
118,1,112.8,0.0,2.8053128297904357
290,3,847.76,0.0,6.740062597830709
329,1,144.29,0.0,2.9771463479594846
67,9,1911.74,1259.2400000000002,3.199563482287835
309,2,539.49,0.0,3.779427927472348
4,6,2558.58,0.0,85.71695457472256
272,2,728.82,633.58,5.543035477634268
163,2,846.49,256.1000000000001,2.6199633772097917
44,11,3907.5,0.0,125.32026173179997
191,1,85.0,149.34000000000003,1.1095573766262037
5,14,12158.56,1551.2999999999997,432.0126996753576
146,2,630.43,0.0,16.959602284868975
502,1,360.85,0.0,-0.3056163171268173
295,1,127.0,0.0,1.4986309676874536
285,1,51.41,0.0,0.28861733247509275
605,1,658.95,0.0,0.47287926558841015
96,2,684.85,125.64999999999998,6.370205797213046
453,2,664.1999999999999,0.0,4.184364973678523
3,11,4094.98,223.50000000000003,169.80204608221044
556,1,114.1,0.0,0.6472193157163506
146,9,1687.06,656.4699999999999,83.17559814633613
295,10,3401.2,650.4299999999998,89.3594613494452
365,6,1970.45,0.0,5.7821043945603305
104,4,2016.5,0.0,34.11923127808408
194,4,847.07,155.71000000000006,75.87899111609215
88,4,280.73,0.0,4.251550516407666
291,3,1289.44,0.0,1.9919597589424374
37,8,3043.04,624.0200000000001,240.05000082966697
47,34,9800.86,637.5500000000002,270.98234120757553
240,1,197.65,0.0,2.270568192728842
60,17,13488.77,561.0999999999999,183.06966784652337
50,18,10490.66,3624.7499999999977,216.4023220702582
2,6,1991.23,0.0,88.19433491057987
306,1,308.2,0.0,4.153020806891984
478,1,87.8,0.0,0.5426065487221561
53,4,2595.92,473.9599999999999,178.87956924342086
185,7,4417.27,0.0,613.8766735676302
156,1,179.30999999999997,565.7499999999999,2.0246392123421635
49,4,955.67,847.4300000000004,49.15604192563724
267,1,476.35,0.0,1.7532285741297606
1,32,10220.19,3653.3199999999974,2752.6596096550165
146,6,1527.61,0.0,44.61112360538387
85,2,685.45,0.0,10.009413319813012
1,2,635.05,783.2699999999999,32.709973535174015
365,1,129.75,0.0,0.3964405797493005
71,7,1495.63,377.2400000000001,22.164889123673632
158,1,594.0,0.0,11.159787907490115
591,1,453.38,0.0,0.02606061796317032
13,33,7653.12,1099.2599999999995,464.2322982872988
641,1,379.16,0.0,-0.16832033567890117
358,1,468.5,0.0,17.84097464763883
317,2,1185.46,0.0,4.404224944491447
155,2,1291.24,0.0,2.7347689931283305
80,1,221.56,194.24,7.844583231387327
47,5,2260.79,336.1400000000001,48.05456478546159
367,2,208.62,0.0,1.5273742825047116
68,2,701.36,0.0,4.313915636023817
22,6,2251.63,1214.7400000000005,11.773303096010178
359,4,2240.9,0.0,340.38768873903643
52,6,4328.17,1136.6799999999994,978.3931503125482
281,1,523.52,209.94000000000003,3.1821738564621986
341,2,2180.64,1098.7800000000002,10.175735979550394
143,1,489.05,633.4800000000001,9.8860263352001
284,1,1108.82,0.0,9.316404942200284
285,1,355.5,0.0,2.1903354478856056
99,7,996.61,74.52999999999997,4.8517863115518916
123,3,910.75,422.03999999999985,19.194894192331827
225,1,1308.48,0.0,0.6239231388663227
184,8,3376.74,590.8600000000001,21.01128888963379
108,1,179.0,0.0,1.4963308974246146
89,3,321.43,0.0,11.806869748698034
262,1,1141.24,0.0,3.6661670499763703
519,1,17.65,0.0,1.2182797870165292
25,10,4332.8,800.6899999999997,546.5522991732104
304,1,1384.88,0.0,22.852472746858354
2,15,5817.61,379.78999999999996,1193.8534911364484
278,2,445.77,476.91000000000014,29.33511684669764
531,1,139.94,0.0,2.6851218006648723
35,11,1947.42,101.18,17.048475127055088
291,2,359.4,0.0,1.7188114625451618
68,12,10842.7,2396.3300000000004,434.2237910720775
211,6,2642.35,0.0,26.984067668086222
8,32,39260.411,4254.639999999998,4872.219346998564
16,11,12774.55,1319.1600000000005,636.6362745690283
303,1,1248.42,0.0,2.557342759547726
288,1,228.83,0.0,0.8129884487826646
